TradeNum,Date,EntryTime,ExitTime,Type,EntryPrice,SLPrice,TPPrice,ExitPrice,RiskUSD,PnLUSD,RMultiple,Result,ExitReason,DurationMins,RunningBalance
1,2024-08-02,16:35,17:00,SHORT,2465.55,2473.28,2450.09,2473.28,77.3,-77.3,-1,LOSS,LOSS,25,9922.7
2,2024-08-06,16:35,17:30,LONG,2395.54,2388.29,2410.04,2388.29,72.5,-72.5,-1,LOSS,LOSS,55,9850.2
3,2024-08-09,16:40,17:15,SHORT,2422.64,2430.93,2406.06,2430.93,82.9,-82.9,-1,LOSS,LOSS,35,9767.3
4,2024-08-20,16:35,16:50,SHORT,2523.41,2529.78,2510.67,2529.78,63.7,-63.7,-1,LOSS,LOSS,15,9703.6
5,2024-08-21,16:30,16:40,LONG,2504.73,2499.56,2515.07,2499.56,51.7,-51.7,-1,LOSS,LOSS,10,9651.9
6,2024-08-28,16:40,18:40,LONG,2503.84,2497.3,2516.92,2508.23,65.4,43.9,0.67,WIN,TIME_EXIT,120,9695.8
7,2024-09-03,15:05,16:35,LONG,2493.79,2485.69,2509.99,2485.69,81,-81,-1,LOSS,LOSS,90,9614.8
8,2024-09-05,16:30,17:00,SHORT,2516.97,2521.27,2508.37,2508.37,43,86,2,WIN,WIN,30,9700.8
9,2024-09-06,15:30,16:35,LONG,2525.05,2505.85,2563.45,2505.85,192,-192,-1,LOSS,LOSS,65,9508.8
10,2024-09-17,15:40,17:40,LONG,2573.2,2566.94,2585.72,2572.31,62.6,-8.9,-0.14,LOSS,TIME_EXIT,120,9499.9
11,2024-09-18,16:30,18:30,SHORT,2575.44,2580.45,2565.42,2572.55,50.1,28.9,0.58,WIN,TIME_EXIT,120,9528.8
12,2024-09-26,15:35,15:45,SHORT,2670.38,2676.46,2658.22,2676.46,60.8,-60.8,-1,LOSS,LOSS,10,9468
13,2024-10-07,14:55,15:30,SHORT,2656.79,2661.61,2647.15,2647.15,48.2,96.4,2,WIN,WIN,35,9564.4
14,2024-10-08,14:10,14:40,SHORT,2646.32,2650.71,2637.54,2650.71,43.9,-43.9,-1,LOSS,LOSS,30,9520.5
15,2024-10-10,16:25,16:40,SHORT,2617.62,2622.54,2607.78,2622.54,49.2,-49.2,-1,LOSS,LOSS,15,9471.3
16,2024-10-11,15:35,16:35,SHORT,2643.03,2651.3,2626.49,2651.3,82.7,-82.7,-1,LOSS,LOSS,60,9388.6
17,2024-10-22,16:55,17:50,SHORT,2735.84,2742.91,2721.7,2742.91,70.7,-70.7,-1,LOSS,LOSS,55,9317.9
18,2024-11-01,15:20,16:35,SHORT,2757.39,2762.2,2747.77,2747.77,48.1,96.2,2,WIN,WIN,75,9414.1
19,2024-11-06,14:00,14:30,LONG,2706.12,2696.46,2725.44,2696.46,96.6,-96.6,-1,LOSS,LOSS,30,9317.5
20,2024-11-08,16:30,17:10,SHORT,2695.83,2701.81,2683.87,2683.87,59.8,119.6,2,WIN,WIN,40,9437.1
21,2024-11-13,15:40,16:10,SHORT,2609.26,2615.69,2596.4,2615.69,64.3,-64.3,-1,LOSS,LOSS,30,9372.8
22,2024-11-29,16:45,18:45,LONG,2656.32,2649.86,2669.24,2661.63,64.6,53.1,0.82,WIN,TIME_EXIT,120,9425.9
23,2024-12-06,15:30,16:05,LONG,2636.91,2629.01,2652.71,2629.01,79,-79,-1,LOSS,LOSS,35,9346.9
24,2024-12-11,15:35,16:00,SHORT,2697.82,2703.96,2685.54,2703.96,61.4,-61.4,-1,LOSS,LOSS,25,9285.5
25,2025-01-06,15:35,17:35,SHORT,2630.27,2640.35,2610.11,2635.01,100.8,-47.4,-0.47,LOSS,TIME_EXIT,120,9238.1
26,2025-01-08,15:25,16:00,SHORT,2654.01,2661.06,2639.91,2661.06,70.5,-70.5,-1,LOSS,LOSS,35,9167.6
27,2025-01-10,15:40,17:25,LONG,2675.95,2666.55,2694.75,2694.75,94,188,2,WIN,WIN,105,9355.6
28,2025-01-14,15:35,17:35,LONG,2665.49,2658.66,2679.15,2671.74,68.3,62.5,0.92,WIN,TIME_EXIT,120,9418.1
29,2025-01-23,15:55,17:55,LONG,2741.46,2736.35,2751.68,2746.63,51.1,51.7,1.01,WIN,TIME_EXIT,120,9469.8
30,2025-01-24,16:20,17:10,SHORT,2776.09,2782.54,2763.19,2782.54,64.5,-64.5,-1,LOSS,LOSS,50,9405.3
31,2025-02-07,15:30,17:05,LONG,2860.38,2850.39,2880.36,2880.36,99.9,199.8,2,WIN,WIN,95,9605.1
32,2025-02-10,15:20,17:20,SHORT,2905.56,2912.83,2891.02,2909.31,72.7,-37.5,-0.52,LOSS,TIME_EXIT,120,9567.6
33,2025-02-11,16:40,16:55,LONG,2902.73,2897.08,2914.03,2897.08,56.5,-56.5,-1,LOSS,LOSS,15,9511.1
34,2025-02-12,15:55,17:55,LONG,2884.75,2873.68,2906.89,2894.53,110.7,97.8,0.88,WIN,TIME_EXIT,120,9608.9
35,2025-03-07,15:35,16:55,SHORT,2918.12,2928.37,2897.62,2928.37,102.5,-102.5,-1,LOSS,LOSS,80,9506.4
36,2025-03-13,15:45,16:30,SHORT,2948.39,2954.35,2936.47,2954.35,59.6,-59.6,-1,LOSS,LOSS,45,9446.8
37,2025-03-18,14:20,14:40,SHORT,3028.15,3033.36,3017.73,3033.36,52.1,-52.1,-1,LOSS,LOSS,20,9394.7
38,2025-04-03,13:10,13:25,LONG,3119.32,3110.08,3137.8,3110.08,92.4,-92.4,-1,LOSS,LOSS,15,9302.3
39,2025-04-04,15:40,16:35,LONG,3088.73,3068.78,3128.63,3068.78,199.5,-199.5,-1,LOSS,LOSS,55,9102.8
40,2025-05-12,13:45,13:55,LONG,3214.35,3208.59,3225.87,3208.59,57.6,-57.6,-1,LOSS,LOSS,10,9045.2
41,2025-05-13,16:40,16:55,LONG,3238.14,3230.27,3253.88,3230.27,78.7,-78.7,-1,LOSS,LOSS,15,8966.5
42,2025-05-20,16:00,16:35,SHORT,3236.14,3244.39,3219.64,3244.39,82.5,-82.5,-1,LOSS,LOSS,35,8884
43,2025-05-22,13:05,13:25,LONG,3304.77,3299.65,3315.01,3299.65,51.2,-51.2,-1,LOSS,LOSS,20,8832.8
44,2025-05-27,14:35,14:55,LONG,3293,3288.43,3302.14,3288.43,45.7,-45.7,-1,LOSS,LOSS,20,8787.1
45,2025-05-30,15:10,16:50,LONG,3303.04,3280.82,3347.48,3280.82,222.2,-222.2,-1,LOSS,LOSS,100,8564.9
46,2025-06-02,15:50,16:40,SHORT,3356.38,3362.89,3343.36,3362.89,65.1,-65.1,-1,LOSS,LOSS,50,8499.8
47,2025-06-03,15:20,16:45,LONG,3353.38,3347.08,3365.98,3347.08,63,-63,-1,LOSS,LOSS,85,8436.8
48,2025-06-05,15:45,17:45,SHORT,3383.08,3397.54,3354.16,3367.19,144.6,158.9,1.1,WIN,TIME_EXIT,120,8595.7
49,2025-06-06,15:30,15:40,LONG,3357,3347.45,3376.1,3347.45,95.5,-95.5,-1,LOSS,LOSS,10,8500.2
50,2025-06-11,15:50,17:50,SHORT,3342.58,3354.21,3319.32,3338.23,116.3,43.5,0.37,WIN,TIME_EXIT,120,8543.7
51,2025-07-01,16:35,16:55,SHORT,3346.85,3352.48,3335.59,3352.48,56.3,-56.3,-1,LOSS,LOSS,20,8487.4
52,2025-07-08,16:15,16:45,LONG,3321.98,3317.08,3331.78,3317.08,49,-49,-1,LOSS,LOSS,30,8438.4
