Trade #,Entry Date,Exit Date,Type,Entry Price,Exit Price,Initial SL,Hard TP,Lots,PnL USD,Balance,Result,Exit Reason
1,2025-08-26 00:00,2025-08-26 03:00,LONG,3431.10,3418.95,3418.95,3461.47,16.46,-200.00,9800.00,LOSS,"Stop Loss Hit"
2,2025-08-26 13:00,2025-08-27 11:00,LONG,3422.20,3422.70,3409.75,3453.33,15.74,7.87,9807.87,WIN,"Breakeven / Trailing SL"
3,2025-08-27 12:00,2025-08-28 00:00,LONG,3429.70,3453.61,3420.13,3453.61,20.51,490.39,10298.26,WIN,"Take Profit Target Hit"
4,2025-08-29 11:00,2025-08-29 14:00,LONG,3469.80,3489.29,3462.00,3489.29,26.42,514.91,10813.18,WIN,"Take Profit Target Hit"
5,2025-09-04 11:00,2025-09-05 13:00,LONG,3603.10,3647.04,3585.53,3647.04,12.31,540.66,11353.83,WIN,"Take Profit Target Hit"
6,2025-09-08 00:00,2025-09-08 14:00,LONG,3634.40,3678.20,3616.88,3678.20,12.96,567.69,11921.53,WIN,"Take Profit Target Hit"
7,2025-09-10 04:00,2025-09-10 12:00,LONG,3680.00,3680.50,3663.73,3720.68,14.65,7.33,11928.85,WIN,"Breakeven / Trailing SL"
8,2025-09-10 17:00,2025-09-11 02:00,LONG,3686.90,3671.96,3671.96,3724.24,15.97,-238.58,11690.27,LOSS,"Stop Loss Hit"
9,2025-09-12 09:00,2025-09-15 00:00,LONG,3684.50,3672.21,3672.21,3715.24,19.02,-233.81,11456.47,LOSS,"Stop Loss Hit"
10,2025-09-15 03:00,2025-09-15 07:00,LONG,3683.20,3671.78,3671.78,3711.75,20.06,-229.13,11227.34,LOSS,"Stop Loss Hit"
11,2025-09-15 12:00,2025-09-15 13:00,LONG,3687.60,3688.10,3675.78,3717.16,18.99,9.50,11236.84,WIN,"Breakeven / Trailing SL"
12,2025-09-23 22:00,2025-09-24 15:00,LONG,3797.70,3779.98,3779.98,3842.00,12.68,-224.74,11012.10,LOSS,"Stop Loss Hit"
13,2025-09-30 14:00,2025-10-01 18:00,LONG,3881.70,3882.20,3856.80,3943.95,8.85,4.42,11016.52,BREAKEVEN,"Breakeven / Trailing SL"
14,2025-10-01 19:00,2025-10-02 14:00,LONG,3894.30,3894.80,3874.00,3945.04,10.86,5.43,11021.95,WIN,"Breakeven / Trailing SL"
15,2025-10-02 23:00,2025-10-03 03:00,LONG,3886.80,3867.66,3867.66,3934.64,11.52,-220.44,10801.51,LOSS,"Stop Loss Hit"
16,2025-10-09 04:00,2025-10-09 14:00,LONG,4057.50,4032.45,4032.45,4120.12,8.62,-216.03,10585.48,LOSS,"Stop Loss Hit"
17,2025-10-14 07:00,2025-10-15 07:00,LONG,4141.80,4223.50,4109.12,4223.50,6.48,529.27,11114.76,WIN,"Take Profit Target Hit"
18,2025-10-16 06:00,2025-10-16 16:00,LONG,4236.80,4305.18,4209.45,4305.18,8.13,555.74,11670.49,WIN,"Take Profit Target Hit"
19,2025-10-20 11:00,2025-10-20 12:00,LONG,4294.80,4295.30,4251.70,4402.55,5.42,2.71,11673.20,BREAKEVEN,"Breakeven / Trailing SL"
20,2025-10-21 06:00,2025-10-21 07:00,LONG,4358.60,4321.22,4321.22,4452.05,6.25,-233.46,11439.74,LOSS,"Stop Loss Hit"
21,2025-10-22 07:00,2025-10-22 08:00,SHORT,4146.30,4145.80,4199.19,4014.07,4.33,2.16,11441.90,BREAKEVEN,"Breakeven / Trailing SL"
22,2025-10-22 23:00,2025-10-23 13:00,SHORT,4104.70,4158.42,4158.42,3970.39,4.26,-228.84,11213.06,LOSS,"Stop Loss Hit"
23,2025-10-23 22:00,2025-10-24 13:00,SHORT,4132.40,4131.90,4168.10,4043.16,6.28,3.14,11216.20,BREAKEVEN,"Breakeven / Trailing SL"
24,2025-10-26 22:00,2025-10-27 14:00,SHORT,4096.40,3996.58,4136.33,3996.58,5.62,560.81,11777.01,WIN,"Take Profit Target Hit"
25,2025-10-28 16:00,2025-10-28 22:00,SHORT,3973.50,3973.00,4009.83,3882.68,6.48,3.24,11780.25,BREAKEVEN,"Breakeven / Trailing SL"
26,2025-10-29 04:00,2025-10-29 07:00,SHORT,3965.80,3999.91,3999.91,3880.53,6.91,-235.61,11544.65,LOSS,"Stop Loss Hit"
27,2025-10-29 18:00,2025-10-29 19:00,SHORT,3982.90,3982.40,4017.29,3896.93,6.71,3.36,11548.01,BREAKEVEN,"Breakeven / Trailing SL"
28,2025-10-30 05:00,2025-10-30 09:00,SHORT,3976.20,4016.85,4016.85,3874.58,5.68,-230.96,11317.05,LOSS,"Stop Loss Hit"
29,2025-10-30 12:00,2025-10-30 14:00,SHORT,3972.60,4012.04,4012.04,3873.99,5.74,-226.34,11090.71,LOSS,"Stop Loss Hit"
30,2025-11-04 09:00,2025-11-04 14:00,SHORT,4001.10,3940.08,4025.51,3940.08,9.09,554.54,11645.24,WIN,"Take Profit Target Hit"
31,2025-11-05 23:00,2025-11-06 07:00,SHORT,3982.80,4004.10,4004.10,3929.55,10.93,-232.90,11412.34,LOSS,"Stop Loss Hit"
32,2025-11-07 16:00,2025-11-10 05:00,LONG,4015.80,4072.61,3993.08,4072.61,10.04,570.62,11982.95,WIN,"Take Profit Target Hit"
33,2025-11-11 19:00,2025-11-12 02:00,LONG,4128.40,4128.90,4109.25,4176.27,12.52,6.26,11989.21,WIN,"Breakeven / Trailing SL"
34,2025-11-12 08:00,2025-11-12 15:00,LONG,4136.80,4187.27,4116.61,4187.27,11.88,599.46,12588.67,WIN,"Take Profit Target Hit"
35,2025-11-14 02:00,2025-11-14 06:00,LONG,4209.80,4179.63,4179.63,4285.22,8.35,-251.77,12336.90,LOSS,"Stop Loss Hit"
36,2025-11-18 11:00,2025-11-18 13:00,SHORT,4039.00,4069.19,4069.19,3963.54,8.17,-246.74,12090.16,LOSS,"Stop Loss Hit"
37,2025-11-19 23:00,2025-11-20 02:00,LONG,4104.30,4073.58,4073.58,4181.09,7.87,-241.80,11848.36,LOSS,"Stop Loss Hit"
38,2025-11-20 15:00,2025-11-21 12:00,SHORT,4069.50,4069.00,4103.52,3984.44,6.96,3.48,11851.84,BREAKEVEN,"Breakeven / Trailing SL"
39,2025-11-21 20:00,2025-11-24 17:00,SHORT,4064.50,4098.19,4098.19,3980.28,7.04,-237.04,11614.80,LOSS,"Stop Loss Hit"
40,2025-11-25 09:00,2025-11-25 10:00,LONG,4161.90,4129.81,4129.81,4242.14,7.24,-232.30,11382.51,LOSS,"Stop Loss Hit"
41,2025-11-25 13:00,2025-11-25 14:00,LONG,4181.80,4136.98,4136.98,4293.85,5.08,-227.65,11154.86,LOSS,"Stop Loss Hit"
42,2025-11-25 17:00,2025-12-02 16:00,LONG,4180.50,4181.00,4123.31,4323.47,3.90,1.95,11156.81,BREAKEVEN,"Breakeven / Trailing SL"
43,2025-12-02 20:00,2025-12-04 05:00,LONG,4241.60,4180.62,4180.62,4394.06,3.66,-223.14,10933.67,LOSS,"Stop Loss Hit"
44,2025-12-08 05:00,2025-12-08 06:00,LONG,4246.30,4216.03,4216.03,4321.98,7.22,-218.67,10715.00,LOSS,"Stop Loss Hit"
45,2025-12-10 04:00,2025-12-10 10:00,LONG,4235.90,4218.68,4218.68,4278.95,12.44,-214.30,10500.70,LOSS,"Stop Loss Hit"
46,2025-12-11 07:00,2025-12-11 16:00,LONG,4243.50,4293.46,4223.52,4293.46,10.51,525.03,11025.73,WIN,"Take Profit Target Hit"
47,2025-12-12 18:00,2025-12-15 16:00,LONG,4327.50,4328.00,4295.96,4406.36,6.99,3.50,11029.23,BREAKEVEN,"Breakeven / Trailing SL"
48,2025-12-16 23:00,2025-12-17 10:00,LONG,4336.90,4337.40,4314.61,4392.62,9.90,4.95,11034.18,BREAKEVEN,"Breakeven / Trailing SL"
49,2025-12-18 05:00,2025-12-18 14:00,LONG,4363.20,4344.85,4344.85,4409.07,12.03,-220.68,10813.49,LOSS,"Stop Loss Hit"
50,2025-12-18 15:00,2025-12-18 16:00,LONG,4370.20,4370.70,4349.54,4421.85,10.47,5.23,10818.73,WIN,"Breakeven / Trailing SL"
51,2025-12-18 20:00,2025-12-19 01:00,LONG,4365.90,4340.37,4340.37,4429.72,8.48,-216.37,10602.35,LOSS,"Stop Loss Hit"
52,2025-12-19 09:00,2025-12-22 01:00,LONG,4358.60,4407.61,4339.00,4407.61,10.82,530.12,11132.47,WIN,"Take Profit Target Hit"
53,2025-12-23 16:00,2025-12-24 03:00,LONG,4501.40,4501.90,4476.95,4562.53,9.11,4.55,11137.02,BREAKEVEN,"Breakeven / Trailing SL"
54,2025-12-26 05:00,2025-12-29 00:00,LONG,4540.50,4541.00,4509.87,4617.08,7.27,3.64,11140.66,BREAKEVEN,"Breakeven / Trailing SL"
55,2025-12-30 14:00,2025-12-31 01:00,SHORT,4381.40,4380.90,4416.17,4294.48,6.41,3.20,11143.86,BREAKEVEN,"Breakeven / Trailing SL"
56,2025-12-31 02:00,2025-12-31 13:00,SHORT,4360.50,4360.00,4394.55,4275.38,6.55,3.27,11147.14,BREAKEVEN,"Breakeven / Trailing SL"
57,2025-12-31 16:00,2026-01-02 05:00,SHORT,4336.80,4375.21,4375.21,4240.77,5.80,-222.94,10924.19,LOSS,"Stop Loss Hit"
58,2026-01-02 14:00,2026-01-04 23:00,SHORT,4364.70,4364.20,4397.31,4283.17,6.70,3.35,10927.54,BREAKEVEN,"Breakeven / Trailing SL"
59,2026-01-07 02:00,2026-01-07 05:00,LONG,4486.00,4461.06,4461.06,4548.35,8.76,-218.55,10708.99,LOSS,"Stop Loss Hit"
60,2026-01-07 16:00,2026-01-08 02:00,LONG,4474.20,4446.49,4446.49,4543.49,7.73,-214.18,10494.81,LOSS,"Stop Loss Hit"
61,2026-01-13 02:00,2026-01-13 16:00,LONG,4603.10,4603.60,4574.43,4674.78,7.32,3.66,10498.47,BREAKEVEN,"Breakeven / Trailing SL"
62,2026-01-14 00:00,2026-01-14 14:00,LONG,4616.90,4617.40,4589.30,4685.90,7.61,3.80,10502.28,BREAKEVEN,"Breakeven / Trailing SL"
63,2026-01-14 18:00,2026-01-14 23:00,LONG,4642.50,4615.39,4615.39,4710.27,7.75,-210.05,10292.23,LOSS,"Stop Loss Hit"
64,2026-01-15 15:00,2026-01-16 13:00,LONG,4620.20,4593.30,4593.30,4687.45,7.65,-205.84,10086.39,LOSS,"Stop Loss Hit"
65,2026-01-21 18:00,2026-01-21 19:00,LONG,4853.20,4812.25,4812.25,4955.59,4.93,-201.73,9884.66,LOSS,"Stop Loss Hit"
66,2026-01-21 20:00,2026-01-22 01:00,LONG,4830.00,4778.69,4778.69,4958.29,3.85,-197.69,9686.97,LOSS,"Stop Loss Hit"
67,2026-01-22 05:00,2026-01-22 21:00,LONG,4821.80,4935.72,4776.23,4935.72,4.25,484.35,10171.31,WIN,"Take Profit Target Hit"
68,2026-01-23 10:00,2026-01-25 23:00,LONG,4931.00,5017.74,4896.30,5017.74,5.86,508.57,10679.88,WIN,"Take Profit Target Hit"
69,2026-01-27 01:00,2026-01-28 01:00,LONG,5055.30,5194.12,4999.77,5194.12,3.85,533.99,11213.87,WIN,"Take Profit Target Hit"
70,2026-01-29 23:00,2026-01-30 01:00,LONG,5467.60,5349.18,5349.18,5763.66,1.89,-224.28,10989.60,LOSS,"Stop Loss Hit"
71,2026-02-03 10:00,2026-02-04 01:00,SHORT,4924.80,5041.17,5041.17,4633.87,1.89,-219.79,10769.80,LOSS,"Stop Loss Hit"
72,2026-02-04 14:00,2026-02-04 15:00,SHORT,5008.40,5007.90,5082.42,4823.36,2.91,1.46,10771.26,BREAKEVEN,"Breakeven / Trailing SL"
73,2026-02-05 01:00,2026-02-05 02:00,SHORT,4978.30,4977.80,5058.36,4778.15,2.69,1.35,10772.60,BREAKEVEN,"Breakeven / Trailing SL"
74,2026-02-10 01:00,2026-02-11 13:00,LONG,5054.90,5055.40,5000.40,5191.15,3.95,1.98,10774.58,BREAKEVEN,"Breakeven / Trailing SL"
75,2026-02-11 15:00,2026-02-12 16:00,LONG,5084.20,5032.09,5032.09,5214.47,4.14,-215.49,10559.09,LOSS,"Stop Loss Hit"
76,2026-02-13 09:00,2026-02-13 15:00,SHORT,4990.10,5039.23,5039.23,4867.27,4.30,-211.18,10347.91,LOSS,"Stop Loss Hit"
77,2026-02-16 02:00,2026-02-17 05:00,SHORT,5014.80,4900.04,5060.70,4900.04,4.51,517.40,10865.30,WIN,"Take Profit Target Hit"
78,2026-02-19 20:00,2026-02-20 15:00,LONG,5020.60,5021.10,4989.82,5097.55,7.06,3.53,10868.83,BREAKEVEN,"Breakeven / Trailing SL"
79,2026-02-24 02:00,2026-02-24 12:00,LONG,5209.00,5166.67,5166.67,5314.83,5.14,-217.38,10651.46,LOSS,"Stop Loss Hit"
80,2026-02-24 17:00,2026-02-24 23:00,LONG,5182.00,5140.92,5140.92,5284.70,5.19,-213.03,10438.43,LOSS,"Stop Loss Hit"
81,2026-02-25 01:00,2026-02-25 20:00,LONG,5195.10,5195.60,5153.91,5298.08,5.07,2.53,10440.96,BREAKEVEN,"Breakeven / Trailing SL"
82,2026-02-26 00:00,2026-02-26 14:00,LONG,5203.20,5166.41,5166.41,5295.16,5.68,-208.82,10232.14,LOSS,"Stop Loss Hit"
83,2026-02-26 15:00,2026-02-27 21:00,LONG,5202.50,5298.24,5164.20,5298.24,5.34,511.61,10743.75,WIN,"Take Profit Target Hit"
84,2026-03-02 23:00,2026-03-03 06:00,LONG,5359.10,5310.89,5310.89,5479.63,4.46,-214.87,10528.87,LOSS,"Stop Loss Hit"
85,2026-03-04 02:00,2026-03-06 15:00,SHORT,5165.40,5164.90,5246.21,4963.37,2.61,1.30,10530.18,BREAKEVEN,"Breakeven / Trailing SL"
86,2026-03-08 23:00,2026-03-09 01:00,SHORT,5083.40,5082.90,5137.77,4947.48,3.87,1.94,10532.11,BREAKEVEN,"Breakeven / Trailing SL"
87,2026-03-09 06:00,2026-03-09 22:00,SHORT,5104.80,5162.81,5162.81,4959.78,3.63,-210.64,10321.47,LOSS,"Stop Loss Hit"
88,2026-03-11 19:00,2026-03-11 22:00,LONG,5191.00,5158.12,5158.12,5273.19,6.28,-206.43,10115.04,LOSS,"Stop Loss Hit"
89,2026-03-12 13:00,2026-03-12 20:00,SHORT,5157.40,5074.29,5190.64,5074.29,6.09,505.75,10620.79,WIN,"Take Profit Target Hit"
90,2026-03-13 13:00,2026-03-13 14:00,SHORT,5107.50,5107.00,5138.85,5029.13,6.78,3.39,10624.18,BREAKEVEN,"Breakeven / Trailing SL"
91,2026-03-16 14:00,2026-03-17 04:00,SHORT,5000.80,5044.13,5044.13,4892.47,4.90,-212.48,10411.70,LOSS,"Stop Loss Hit"
92,2026-03-17 06:00,2026-03-17 15:00,SHORT,5013.90,5013.40,5047.40,4930.15,6.22,3.11,10414.81,BREAKEVEN,"Breakeven / Trailing SL"
93,2026-03-18 07:00,2026-03-18 11:00,SHORT,4999.10,4930.91,5026.37,4930.91,7.64,520.74,10935.55,WIN,"Take Profit Target Hit"
94,2026-03-20 06:00,2026-03-20 08:00,SHORT,4670.30,4731.64,4731.64,4516.95,3.57,-218.71,10716.84,LOSS,"Stop Loss Hit"
95,2026-03-20 09:00,2026-03-20 18:00,SHORT,4668.40,4512.56,4730.73,4512.56,3.44,535.84,11252.68,WIN,"Take Profit Target Hit"
96,2026-03-23 15:00,2026-03-24 23:00,SHORT,4365.60,4495.02,4495.02,4042.04,1.74,-225.05,11027.62,LOSS,"Stop Loss Hit"
97,2026-04-02 14:00,2026-04-05 22:00,LONG,4707.90,4643.20,4643.20,4869.65,3.41,-220.55,10807.07,LOSS,"Stop Loss Hit"
98,2026-04-09 10:00,2026-04-09 13:00,LONG,4765.70,4766.20,4728.91,4857.67,5.88,2.94,10810.01,BREAKEVEN,"Breakeven / Trailing SL"
99,2026-04-10 03:00,2026-04-10 08:00,LONG,4789.10,4755.85,4755.85,4872.23,6.50,-216.20,10593.81,LOSS,"Stop Loss Hit"
100,2026-04-10 10:00,2026-04-10 15:00,LONG,4780.70,4781.20,4749.62,4858.39,6.82,3.41,10597.22,BREAKEVEN,"Breakeven / Trailing SL"
101,2026-04-10 18:00,2026-04-12 22:00,LONG,4789.50,4757.94,4757.94,4868.40,6.72,-211.94,10385.27,LOSS,"Stop Loss Hit"
102,2026-04-15 08:00,2026-04-15 09:00,LONG,4841.60,4813.58,4813.58,4911.64,7.41,-207.71,10177.57,LOSS,"Stop Loss Hit"
103,2026-04-15 11:00,2026-04-16 13:00,LONG,4835.70,4806.41,4806.41,4908.93,6.95,-203.55,9974.02,LOSS,"Stop Loss Hit"
104,2026-04-20 13:00,2026-04-21 12:00,LONG,4838.80,4786.66,4786.66,4969.16,3.83,-199.48,9774.54,LOSS,"Stop Loss Hit"
105,2026-04-22 11:00,2026-04-23 00:00,SHORT,4768.90,4768.40,4797.06,4698.50,6.94,3.47,9778.01,BREAKEVEN,"Breakeven / Trailing SL"
106,2026-04-23 01:00,2026-04-23 06:00,SHORT,4739.40,4738.90,4770.08,4662.70,6.37,3.19,9781.19,BREAKEVEN,"Breakeven / Trailing SL"
107,2026-04-23 15:00,2026-04-23 17:00,SHORT,4737.30,4736.80,4767.45,4661.93,6.49,3.24,9784.44,BREAKEVEN,"Breakeven / Trailing SL"
108,2026-04-26 22:00,2026-04-27 02:00,SHORT,4699.60,4731.60,4731.60,4619.60,6.11,-195.69,9588.75,LOSS,"Stop Loss Hit"
109,2026-04-27 08:00,2026-04-28 05:00,SHORT,4722.00,4656.36,4748.26,4656.36,7.30,479.44,10068.19,WIN,"Take Profit Target Hit"
110,2026-04-30 03:00,2026-04-30 06:00,SHORT,4567.90,4596.78,4596.78,4495.70,6.97,-201.36,9866.82,LOSS,"Stop Loss Hit"
111,2026-05-05 10:00,2026-05-05 12:00,SHORT,4554.10,4579.61,4579.61,4490.32,7.73,-197.34,9669.49,LOSS,"Stop Loss Hit"
112,2026-05-05 19:00,2026-05-05 23:00,SHORT,4566.00,4590.35,4590.35,4505.12,7.94,-193.39,9476.10,LOSS,"Stop Loss Hit"
113,2026-05-08 01:00,2026-05-10 22:00,LONG,4731.20,4693.92,4693.92,4824.39,5.08,-189.52,9286.58,LOSS,"Stop Loss Hit"
114,2026-05-14 13:00,2026-05-15 04:00,SHORT,4685.20,4610.52,4715.07,4610.52,6.22,464.33,9750.90,WIN,"Take Profit Target Hit"
115,2026-05-18 14:00,2026-05-18 23:00,SHORT,4550.80,4588.86,4588.86,4455.64,5.12,-195.02,9555.89,LOSS,"Stop Loss Hit"
116,2026-05-19 02:00,2026-05-19 13:00,SHORT,4550.30,4470.64,4582.16,4470.64,6.00,477.79,10033.68,WIN,"Take Profit Target Hit"
117,2026-05-20 13:00,2026-05-20 14:00,SHORT,4485.70,4513.87,4513.87,4415.29,7.12,-200.67,9833.01,LOSS,"Stop Loss Hit"
118,2026-05-21 10:00,2026-05-21 17:00,SHORT,4511.90,4541.63,4541.63,4437.58,6.62,-196.66,9636.35,LOSS,"Stop Loss Hit"
119,2026-05-22 10:00,2026-05-22 14:00,SHORT,4515.50,4515.00,4542.21,4448.72,7.22,3.61,9639.95,BREAKEVEN,"Breakeven / Trailing SL"
120,2026-05-26 09:00,2026-05-26 23:00,SHORT,4523.10,4522.60,4548.52,4459.54,7.58,3.79,9643.75,BREAKEVEN,"Breakeven / Trailing SL"
121,2026-05-27 01:00,2026-05-27 07:00,SHORT,4507.50,4507.00,4532.72,4444.45,7.65,3.82,9647.57,BREAKEVEN,"Breakeven / Trailing SL"
122,2026-05-27 10:00,2026-05-27 14:00,SHORT,4476.20,4475.70,4506.86,4399.55,6.29,3.15,9650.72,BREAKEVEN,"Breakeven / Trailing SL"
123,2026-05-27 22:00,2026-05-28 01:00,SHORT,4488.00,4487.50,4517.04,4415.41,6.65,3.32,9654.04,BREAKEVEN,"Breakeven / Trailing SL"
124,2026-06-04 00:00,2026-06-04 02:00,SHORT,4475.60,4502.40,4502.40,4408.60,7.20,-193.08,9460.96,LOSS,"Stop Loss Hit"
125,2026-06-04 07:00,2026-06-04 11:00,SHORT,4488.50,4515.75,4515.75,4420.37,6.94,-189.22,9271.74,LOSS,"Stop Loss Hit"
126,2026-06-04 14:00,2026-06-05 07:00,SHORT,4493.10,4492.60,4524.79,4413.88,5.85,2.93,9274.67,BREAKEVEN,"Breakeven / Trailing SL"
127,2026-06-05 12:00,2026-06-05 13:00,SHORT,4432.10,4431.60,4460.98,4359.90,6.42,3.21,9277.88,BREAKEVEN,"Breakeven / Trailing SL"
128,2026-06-08 13:00,2026-06-09 13:00,SHORT,4351.80,4388.40,4388.40,4260.29,5.07,-185.56,9092.32,LOSS,"Stop Loss Hit"
129,2026-06-16 00:00,2026-06-16 14:00,LONG,4340.30,4340.80,4314.08,4405.86,6.93,3.47,9095.79,BREAKEVEN,"Breakeven / Trailing SL"
130,2026-06-16 15:00,2026-06-17 14:00,LONG,4355.70,4356.20,4330.18,4419.49,7.13,3.56,9099.35,BREAKEVEN,"Breakeven / Trailing SL"
131,2026-06-18 05:00,2026-06-18 16:00,SHORT,4328.00,4235.52,4364.99,4235.52,4.92,454.97,9554.32,WIN,"Take Profit Target Hit"
132,2026-06-22 12:00,2026-06-24 11:00,SHORT,4211.40,4062.86,4270.82,4062.86,3.22,477.72,10032.04,WIN,"Take Profit Target Hit"
133,2026-06-25 23:00,2026-06-26 09:00,SHORT,4030.20,4063.53,4063.53,3946.87,6.02,-200.64,9831.40,LOSS,"Stop Loss Hit"
134,2026-06-30 12:00,2026-06-30 14:00,SHORT,4023.90,4054.22,4054.22,3948.11,6.49,-196.63,9634.77,LOSS,"Stop Loss Hit"
135,2026-06-30 19:00,2026-07-01 11:00,SHORT,4030.20,4029.70,4058.27,3960.03,6.87,3.43,9638.20,BREAKEVEN,"Breakeven / Trailing SL"
136,2026-07-06 07:00,2026-07-06 14:00,LONG,4175.70,4141.83,4141.83,4260.37,5.69,-192.76,9445.44,LOSS,"Stop Loss Hit"
137,2026-07-06 16:00,2026-07-07 19:00,LONG,4166.90,4122.55,4122.55,4277.78,4.26,-188.91,9256.53,LOSS,"Stop Loss Hit"
138,2026-07-08 19:00,2026-07-09 08:00,SHORT,4090.20,4124.20,4124.20,4005.19,5.44,-185.13,9071.40,LOSS,"Stop Loss Hit"
139,2026-07-10 05:00,2026-07-10 08:00,LONG,4125.50,4104.85,4104.85,4177.11,8.79,-181.43,8889.97,LOSS,"Stop Loss Hit"
140,2026-07-10 15:00,2026-07-12 22:00,LONG,4122.10,4097.79,4097.79,4182.88,7.31,-177.80,8712.17,LOSS,"Stop Loss Hit"
141,2026-07-14 06:00,2026-07-14 12:00,SHORT,4030.40,4054.03,4054.03,3971.32,7.37,-174.24,8537.93,LOSS,"Stop Loss Hit"
142,2026-07-15 01:00,2026-07-15 12:00,SHORT,4042.90,4068.18,4068.18,3979.71,6.76,-170.76,8367.17,LOSS,"Stop Loss Hit"
143,2026-07-15 16:00,2026-07-15 17:00,SHORT,4040.30,4066.04,4066.04,3975.95,6.50,-167.34,8199.82,LOSS,"Stop Loss Hit"
144,2026-07-17 07:00,2026-07-17 12:00,SHORT,3997.00,3996.50,4022.53,3933.17,6.42,3.21,8203.04,BREAKEVEN,"Breakeven / Trailing SL"
145,2026-07-19 22:00,2026-07-20 01:00,SHORT,3997.90,4023.07,4023.07,3934.98,6.52,-164.06,8038.98,LOSS,"Stop Loss Hit"
146,2026-07-20 06:00,2026-07-20 08:00,SHORT,4008.20,4032.73,4032.73,3946.89,6.56,-160.78,7878.20,LOSS,"Stop Loss Hit"
147,2026-07-20 16:00,2026-07-21 01:00,SHORT,4013.90,4037.87,4037.87,3953.97,6.57,-157.56,7720.63,LOSS,"Stop Loss Hit"
148,2026-07-22 23:00,2026-07-23 07:00,LONG,4135.80,4108.75,4108.75,4203.42,5.71,-154.41,7566.22,LOSS,"Stop Loss Hit"
149,2026-07-24 18:00,2026-07-26 22:00,SHORT,4056.70,4076.94,4076.94,4006.09,7.48,-151.32,7414.89,LOSS,"Stop Loss Hit"
150,2026-07-27 19:00,2026-07-28 00:00,LONG,4085.50,4065.53,4065.53,4135.42,7.43,-148.30,7266.60,LOSS,"Stop Loss Hit"
151,2026-07-28 16:00,2026-07-29 05:00,SHORT,4037.60,4037.10,4059.28,3983.40,6.70,3.35,7269.95,BREAKEVEN,"Breakeven / Trailing SL"
152,2026-07-30 08:00,2026-07-31 08:00,LONG,4119.20,4119.70,4084.40,4206.19,4.18,2.09,7272.04,BREAKEVEN,"Breakeven / Trailing SL"
153,2026-08-03 02:00,2026-08-03 13:00,LONG,4117.80,4093.48,4093.48,4178.59,5.98,-145.44,7126.60,LOSS,"Stop Loss Hit"
154,2026-08-04 11:00,2026-08-04 18:00,LONG,4132.10,4132.60,4110.35,4186.48,6.55,3.28,7129.87,BREAKEVEN,"Breakeven / Trailing SL"
155,2026-08-05 00:00,2026-08-05 02:00,LONG,4138.20,4192.18,4116.61,4192.18,6.60,356.49,7486.37,WIN,"Take Profit Target Hit"
156,2026-08-06 13:00,2026-08-06 15:00,LONG,4325.90,4293.53,4293.53,4406.84,4.62,-149.73,7336.64,LOSS,"Stop Loss Hit"
157,2026-08-06 23:00,2026-08-07 11:00,LONG,4311.00,4382.52,4282.39,4382.52,5.13,366.83,7703.47,WIN,"Take Profit Target Hit"