TradeNum,Date,ExitDate,Type,LevelType,EntryPrice,InitialSL,FinalSL,HardTP,ExitPrice,RiskPerOz,LotOunces,RiskUSD,PnLUSD,RMultiple,Result,ExitReason,BELocked,RunningBalance
1,2025-09-02 09:00,2025-09-02 13:00,SHORT,RESISTANCE BOUNCE,3489.34,3499.34,3488.84,3464.34,3488.84,10,100,1000,50,0.05,WIN,"TRAILING SL HIT",YES,10050
2,2025-09-05 09:00,2025-09-05 13:00,SHORT,RESISTANCE BOUNCE,3578.16,3588.16,3588.16,3553.16,3588.16,10,100.5,1005,-1005,-1,LOSS,"INITIAL SL HIT",NO,9045
3,2025-09-08 05:00,2025-09-08 09:00,SHORT,RESISTANCE BOUNCE,3599.7,3609.7,3609.7,3574.7,3609.7,10,90.45,904.5,-904.5,-1,LOSS,"INITIAL SL HIT",NO,8140.5
4,2025-09-11 09:00,2025-09-11 13:00,LONG,SUPPORT BOUNCE,3620.64,3610.64,3621.14,3645.64,3621.14,10,81.41,814.0500000000001,40.7,0.05,WIN,"TRAILING SL HIT",YES,8181.2
5,2025-09-12 01:00,2025-09-12 05:00,SHORT,RESISTANCE BOUNCE,3657.11,3667.11,3656.61,3632.11,3656.61,10,81.81,818.1205,40.91,0.05,WIN,"TRAILING SL HIT",YES,8222.11
6,2025-09-15 13:00,2025-09-15 21:00,SHORT,RESISTANCE BOUNCE,3674.2,3684.2,3684.2,3649.2,3684.2,10,82.22,822.2110000000001,-822.2,-1,LOSS,"INITIAL SL HIT",NO,7399.91
7,2025-09-17 17:00,2025-09-17 21:00,SHORT,RESISTANCE BOUNCE,3702.74,3712.74,3702.24,3677.74,3677.74,10,74,739.9910000000001,1850,2.5,WIN,"HARD TP HIT",YES,9249.91
8,2025-09-18 05:00,2025-09-18 09:00,SHORT,RESISTANCE BOUNCE,3656.2,3666.2,3666.2,3631.2,3666.2,10,92.5,924.991,-925,-1,LOSS,"INITIAL SL HIT",NO,8324.91
9,2025-09-18 13:00,2025-09-19 01:00,LONG,SUPPORT BOUNCE,3626.96,3616.96,3627.46,3651.96,3651.96,10,83.25,832.491,2081.25,2.5,WIN,"HARD TP HIT",YES,10406.16
10,2025-09-19 13:00,2025-09-19 17:00,SHORT,RESISTANCE BOUNCE,3672.7,3682.7,3682.7,3647.7,3682.7,10,104.06,1040.616,-1040.6,-1,LOSS,"INITIAL SL HIT",NO,9365.56
11,2025-09-22 05:00,2025-09-22 09:00,SHORT,RESISTANCE BOUNCE,3707.05,3717.05,3717.05,3682.05,3717.05,10,93.66,936.556,-936.6,-1,LOSS,"INITIAL SL HIT",NO,8428.96
12,2025-09-26 13:00,2025-09-26 17:00,SHORT,RESISTANCE BOUNCE,3761.19,3771.19,3771.19,3736.19,3771.19,10,84.29,842.896,-842.9,-1,LOSS,"INITIAL SL HIT",NO,7586.06
13,2025-09-29 01:00,2025-09-29 05:00,SHORT,RESISTANCE BOUNCE,3790.76,3800.76,3800.76,3765.76,3800.76,10,75.86,758.606,-758.6,-1,LOSS,"INITIAL SL HIT",NO,6827.46
14,2025-10-01 01:00,2025-10-01 05:00,SHORT,RESISTANCE BOUNCE,3871.39,3881.39,3870.89,3846.39,3870.89,10,68.27,682.746,34.13,0.05,WIN,"TRAILING SL HIT",YES,6861.59
15,2025-10-02 13:00,2025-10-02 17:00,SHORT,RESISTANCE BOUNCE,3895,3905,3894.5,3870,3870,10,68.62,686.1595,1715.5,2.5,WIN,"HARD TP HIT",YES,8577.09
16,2025-10-05 21:00,2025-10-06 01:00,SHORT,RESISTANCE BOUNCE,3896.63,3906.63,3906.63,3871.63,3906.63,10,85.77,857.7094999999999,-857.7,-1,LOSS,"INITIAL SL HIT",NO,7719.39
17,2025-10-09 13:00,2025-10-09 17:00,SHORT,RESISTANCE BOUNCE,4058.85,4068.85,4058.35,4033.85,4033.85,10,77.19,771.9395,1929.75,2.5,WIN,"HARD TP HIT",YES,9649.15
18,2025-10-12 21:00,2025-10-13 01:00,LONG,SUPPORT BOUNCE,4001.83,3991.83,4002.33,4026.83,4026.83,10,96.49,964.9145000000001,2412.25,2.5,WIN,"HARD TP HIT",YES,12061.4
19,2025-10-13 05:00,2025-10-13 09:00,SHORT,RESISTANCE BOUNCE,4057.61,4067.61,4067.61,4032.61,4067.61,10,120.61,1206.1395,-1206.1,-1,LOSS,"INITIAL SL HIT",NO,10855.3
20,2025-10-15 01:00,2025-10-15 05:00,SHORT,RESISTANCE BOUNCE,4179.44,4189.44,4189.44,4154.44,4189.44,10,108.55,1085.5295,-1085.5,-1,LOSS,"INITIAL SL HIT",NO,9769.8
21,2025-10-15 21:00,2025-10-16 01:00,SHORT,RESISTANCE BOUNCE,4217.9,4227.9,4227.9,4192.9,4227.9,10,97.7,976.9795,-977,-1,LOSS,"INITIAL SL HIT",NO,8792.8
22,2025-10-20 17:00,2025-10-21 01:00,SHORT,RESISTANCE BOUNCE,4380.49,4390.49,4379.99,4355.49,4355.49,10,87.93,879.2795000000001,2198.25,2.5,WIN,"HARD TP HIT",YES,10991.05
23,2025-10-21 13:00,2025-10-21 17:00,LONG,SUPPORT BOUNCE,4090.64,4080.64,4091.14,4115.639999999999,4115.639999999999,10,109.91,1099.1045000000001,2747.75,2.5,WIN,"HARD TP HIT",YES,13738.79
24,2025-10-27 05:00,2025-10-27 09:00,LONG,SUPPORT BOUNCE,4044.01,4034.01,4034.01,4069.01,4034.01,10,137.39,1373.8794999999952,-1373.9,-1,LOSS,"INITIAL SL HIT",NO,12364.89
25,2025-10-27 13:00,2025-10-27 17:00,LONG,SUPPORT BOUNCE,4004.78,3994.78,3994.78,4029.78,3994.78,10,123.65,1236.4894999999951,-1236.5,-1,LOSS,"INITIAL SL HIT",NO,11128.39
26,2025-10-28 05:00,2025-10-28 09:00,LONG,SUPPORT BOUNCE,3941.55,3931.55,3931.55,3966.55,3931.55,10,111.28,1112.8394999999953,-1112.8,-1,LOSS,"INITIAL SL HIT",NO,10015.59
27,2025-10-28 17:00,2025-10-28 21:00,LONG,SUPPORT BOUNCE,3944.93,3934.93,3945.43,3969.93,3945.43,10,100.16,1001.5594999999953,50.08,0.05,WIN,"TRAILING SL HIT",YES,10065.67
28,2025-10-29 13:00,2025-10-29 17:00,LONG,SUPPORT BOUNCE,4011.59,4001.59,4001.59,4036.59,4001.59,10,100.66,1006.5674999999952,-1006.6,-1,LOSS,"INITIAL SL HIT",NO,9059.07
29,2025-10-30 21:00,2025-10-31 01:00,SHORT,RESISTANCE BOUNCE,4029.84,4039.84,4029.34,4004.84,4029.34,10,90.59,905.9074999999953,45.3,0.05,WIN,"TRAILING SL HIT",YES,9104.37
30,2025-11-04 14:00,2025-11-04 18:00,LONG,SUPPORT BOUNCE,3962.78,3952.78,3952.78,3987.78,3952.78,10,91.04,910.4369999999952,-910.4,-1,LOSS,"INITIAL SL HIT",NO,8193.97
31,2025-11-07 14:00,2025-11-09 22:00,SHORT,RESISTANCE BOUNCE,4019.14,4029.14,4018.64,3994.14,4018.64,10,81.94,819.3969999999953,40.97,0.05,WIN,"TRAILING SL HIT",YES,8234.94
32,2025-11-10 02:00,2025-11-10 06:00,SHORT,RESISTANCE BOUNCE,4046.09,4056.09,4056.09,4021.09,4056.09,10,82.35,823.4939999999951,-823.5,-1,LOSS,"INITIAL SL HIT",NO,7411.44
33,2025-11-12 14:00,2025-11-12 18:00,SHORT,RESISTANCE BOUNCE,4161.03,4171.03,4171.03,4136.03,4171.03,10,74.11,741.1439999999952,-741.1,-1,LOSS,"INITIAL SL HIT",NO,6670.34
34,2025-11-12 22:00,2025-11-13 02:00,LONG,SUPPORT BOUNCE,4186.41,4176.41,4186.91,4211.41,4186.91,10,66.7,667.0339999999951,33.35,0.05,WIN,"TRAILING SL HIT",YES,6703.69
35,2025-11-14 10:00,2025-11-14 14:00,LONG,SUPPORT BOUNCE,4097.74,4087.74,4098.24,4122.74,4098.24,10,67.04,670.3689999999951,33.52,0.05,WIN,"TRAILING SL HIT",YES,6737.21
36,2025-11-17 18:00,2025-11-17 22:00,LONG,SUPPORT BOUNCE,4032.73,4022.73,4033.23,4057.73,4033.23,10,67.37,673.7209999999952,33.69,0.05,WIN,"TRAILING SL HIT",YES,6770.89
37,2025-11-18 02:00,2025-11-18 06:00,SHORT,RESISTANCE BOUNCE,4030.32,4040.32,4029.82,4005.32,4029.82,10,67.71,677.0894999999953,33.85,0.05,WIN,"TRAILING SL HIT",YES,6804.75
38,2025-11-21 02:00,2025-11-21 06:00,LONG,SUPPORT BOUNCE,4039.4,4029.4,4039.9,4064.4,4039.9,10,68.05,680.4749999999952,34.02,0.05,WIN,"TRAILING SL HIT",YES,6838.77
39,2025-11-24 14:00,2025-11-24 18:00,SHORT,RESISTANCE BOUNCE,4100.57,4110.57,4100.07,4075.5699999999997,4100.07,10,68.39,683.8774999999952,34.2,0.05,WIN,"TRAILING SL HIT",YES,6872.97
40,2025-11-25 02:00,2025-11-25 06:00,SHORT,RESISTANCE BOUNCE,4148.6,4158.6,4148.1,4123.6,4148.1,10,68.73,687.2969999999951,34.37,0.05,WIN,"TRAILING SL HIT",YES,6907.33
41,2025-11-25 10:00,2025-11-25 14:00,SHORT,RESISTANCE BOUNCE,4132.48,4142.48,4131.98,4107.48,4131.98,10,69.07,690.7334999999952,34.53,0.05,WIN,"TRAILING SL HIT",YES,6941.87
42,2025-11-25 18:00,2025-11-25 22:00,LONG,SUPPORT BOUNCE,4145.69,4135.69,4135.69,4170.69,4135.69,10,69.42,694.1869999999951,-694.2,-1,LOSS,"INITIAL SL HIT",NO,6247.67
43,2025-11-27 22:00,2025-11-28 02:00,SHORT,RESISTANCE BOUNCE,4173,4183,4183,4148,4183,10,62.48,624.7669999999952,-624.8,-1,LOSS,"INITIAL SL HIT",NO,5622.87
44,2025-11-28 14:00,2025-11-28 18:00,SHORT,RESISTANCE BOUNCE,4192.76,4202.76,4202.76,4167.76,4202.76,10,56.23,562.2869999999951,-562.3,-1,LOSS,"INITIAL SL HIT",NO,5060.57
45,2025-11-30 22:00,2025-12-01 02:00,SHORT,RESISTANCE BOUNCE,4244.69,4254.69,4244.19,4219.69,4244.19,10,50.61,506.05699999999507,25.3,0.05,WIN,"TRAILING SL HIT",YES,5085.87
46,2025-12-03 10:00,2025-12-03 14:00,SHORT,RESISTANCE BOUNCE,4230.19,4240.19,4229.69,4205.19,4229.69,10,50.86,508.5874999999951,25.43,0.05,WIN,"TRAILING SL HIT",YES,5111.3
47,2025-12-04 02:00,2025-12-04 06:00,LONG,SUPPORT BOUNCE,4195.15,4185.15,4185.15,4220.15,4185.15,10,51.11,511.13049999999515,-511.1,-1,LOSS,"INITIAL SL HIT",NO,4600.2
48,2025-12-05 14:00,2025-12-05 18:00,SHORT,RESISTANCE BOUNCE,4241.06,4251.06,4240.56,4216.06,4216.06,10,46,460.0204999999951,1150,2.5,WIN,"HARD TP HIT",YES,5750.2
49,2025-12-08 14:00,2025-12-09 06:00,LONG,SUPPORT BOUNCE,4175.31,4165.31,4175.81,4200.31,4175.81,10,57.5,575.0204999999951,28.75,0.05,WIN,"TRAILING SL HIT",YES,5778.95
50,2025-12-09 14:00,2025-12-09 22:00,LONG,SUPPORT BOUNCE,4192.56,4182.56,4193.06,4217.56,4217.56,10,57.79,577.8954999999951,1444.75,2.5,WIN,"HARD TP HIT",YES,7223.7
51,2025-12-10 18:00,2025-12-10 22:00,SHORT,RESISTANCE BOUNCE,4221.13,4231.13,4231.13,4196.13,4231.13,10,72.24,722.3704999999951,-722.4,-1,LOSS,"INITIAL SL HIT",NO,6501.3
52,2025-12-11 14:00,2025-12-11 18:00,SHORT,RESISTANCE BOUNCE,4264.2,4274.2,4274.2,4239.2,4274.2,10,65.01,650.1304999999952,-650.1,-1,LOSS,"INITIAL SL HIT",NO,5851.2
53,2025-12-17 14:00,2025-12-17 22:00,SHORT,RESISTANCE BOUNCE,4349.78,4359.78,4349.28,4324.78,4324.78,10,58.51,585.1204999999951,1462.75,2.5,WIN,"HARD TP HIT",YES,7313.95
54,2025-12-18 14:00,2025-12-18 18:00,SHORT,RESISTANCE BOUNCE,4353.06,4363.06,4352.56,4328.06,4328.06,10,73.14,731.3954999999951,1828.5,2.5,WIN,"HARD TP HIT",YES,9142.45
55,2025-12-19 14:00,2025-12-19 18:00,SHORT,RESISTANCE BOUNCE,4348.78,4358.78,4348.28,4323.78,4348.28,10,91.42,914.2454999999951,45.71,0.05,WIN,"TRAILING SL HIT",YES,9188.16
56,2025-12-21 22:00,2025-12-22 02:00,SHORT,RESISTANCE BOUNCE,4374.15,4384.15,4384.15,4349.15,4384.15,10,91.88,918.816499999995,-918.8,-1,LOSS,"INITIAL SL HIT",NO,8269.36
57,2025-12-23 18:00,2025-12-23 22:00,SHORT,RESISTANCE BOUNCE,4497.19,4507.19,4507.19,4472.19,4507.19,10,82.69,826.9364999999951,-826.9,-1,LOSS,"INITIAL SL HIT",NO,7442.46
58,2025-12-25 22:00,2025-12-26 02:00,SHORT,RESISTANCE BOUNCE,4525.65,4535.65,4525.15,4500.65,4500.65,10,74.42,744.2464999999952,1860.5,2.5,WIN,"HARD TP HIT",YES,9302.96
59,2025-12-26 14:00,2025-12-26 18:00,SHORT,RESISTANCE BOUNCE,4536.24,4546.24,4535.74,4511.24,4535.74,10,93.03,930.2964999999951,46.52,0.05,WIN,"TRAILING SL HIT",YES,9349.48
60,2025-12-29 06:00,2025-12-29 10:00,LONG,SUPPORT BOUNCE,4448.76,4438.76,4449.26,4473.76,4449.26,10,93.49,934.9479999999951,46.74,0.05,WIN,"TRAILING SL HIT",YES,9396.22
61,2025-12-29 14:00,2025-12-29 18:00,LONG,SUPPORT BOUNCE,4309.17,4299.17,4309.67,4334.17,4334.17,10,93.96,939.6224999999952,2349,2.5,WIN,"HARD TP HIT",YES,11745.22
62,2025-12-31 02:00,2025-12-31 06:00,LONG,SUPPORT BOUNCE,4302.61,4292.61,4303.11,4327.61,4303.11,10,117.45,1174.5224999999953,58.73,0.05,WIN,"TRAILING SL HIT",YES,11803.95
63,2026-01-04 22:00,2026-01-05 02:00,SHORT,RESISTANCE BOUNCE,4403.88,4413.88,4403.38,4378.88,4403.38,10,118.04,1180.3949999999952,59.02,0.05,WIN,"TRAILING SL HIT",YES,11862.97
64,2026-01-05 10:00,2026-01-05 14:00,LONG,SUPPORT BOUNCE,4431.02,4421.02,4431.52,4456.02,4431.52,10,118.63,1186.2969999999953,59.31,0.05,WIN,"TRAILING SL HIT",YES,11922.28
65,2026-01-09 14:00,2026-01-09 18:00,SHORT,RESISTANCE BOUNCE,4500.06,4510.06,4499.56,4475.06,4499.56,10,119.22,1192.2284999999954,59.61,0.05,WIN,"TRAILING SL HIT",YES,11981.89
66,2026-01-11 22:00,2026-01-12 02:00,SHORT,RESISTANCE BOUNCE,4549.65,4559.65,4559.65,4524.65,4559.65,10,119.82,1198.1894999999954,-1198.2,-1,LOSS,"INITIAL SL HIT",NO,10783.69
67,2026-01-13 14:00,2026-01-13 18:00,SHORT,RESISTANCE BOUNCE,4629.69,4639.69,4629.19,4604.69,4604.69,10,107.84,1078.3694999999952,2696,2.5,WIN,"HARD TP HIT",YES,13479.69
68,2026-01-16 14:00,2026-01-16 18:00,LONG,SUPPORT BOUNCE,4569.97,4559.97,4570.47,4594.97,4594.97,10,134.8,1347.9694999999954,3370,2.5,WIN,"HARD TP HIT",YES,16849.69
69,2026-01-20 02:00,2026-01-20 06:00,SHORT,RESISTANCE BOUNCE,4690.44,4700.44,4700.44,4665.44,4700.44,10,168.5,1684.9694999999954,-1685,-1,LOSS,"INITIAL SL HIT",NO,15164.69
70,2026-01-22 14:00,2026-01-22 18:00,SHORT,RESISTANCE BOUNCE,4888.05,4898.05,4898.05,4863.05,4898.05,10,151.65,1516.4694999999954,-1516.5,-1,LOSS,"INITIAL SL HIT",NO,13648.19
71,2026-01-23 14:00,2026-01-23 18:00,SHORT,RESISTANCE BOUNCE,4967.02,4977.02,4977.02,4942.02,4977.02,10,136.48,1364.8194999999953,-1364.8,-1,LOSS,"INITIAL SL HIT",NO,12283.39
72,2026-01-27 18:00,2026-01-27 22:00,SHORT,RESISTANCE BOUNCE,5111.01,5121.01,5121.01,5086.01,5121.01,10,122.83,1228.3394999999953,-1228.3,-1,LOSS,"INITIAL SL HIT",NO,11055.09
73,2026-01-30 06:00,2026-01-30 10:00,LONG,SUPPORT BOUNCE,4990.72,4980.72,4991.22,5015.72,5015.72,10,110.55,1105.5094999999953,2763.75,2.5,WIN,"HARD TP HIT",YES,13818.84
74,2026-01-30 14:00,2026-01-30 18:00,LONG,SUPPORT BOUNCE,4900.3,4890.3,4900.8,4925.3,4900.8,10,138.19,1381.8844999999956,69.09,0.05,WIN,"TRAILING SL HIT",YES,13887.94
75,2026-02-01 22:00,2026-02-02 02:00,LONG,SUPPORT BOUNCE,4659.9,4649.9,4660.4,4684.9,4660.4,10,138.88,1388.7939999999953,69.44,0.05,WIN,"TRAILING SL HIT",YES,13957.38
76,2026-02-02 06:00,2026-02-02 10:00,LONG,SUPPORT BOUNCE,4408.34,4398.34,4408.84,4433.34,4433.34,10,139.57,1395.7379999999955,3489.25,2.5,WIN,"HARD TP HIT",YES,17446.63
77,2026-02-03 02:00,2026-02-03 06:00,LONG,SUPPORT BOUNCE,4755.57,4745.57,4756.07,4780.57,4780.57,10,174.47,1744.6629999999955,4361.75,2.5,WIN,"HARD TP HIT",YES,21808.38
78,2026-02-04 06:00,2026-02-04 10:00,LONG,SUPPORT BOUNCE,5047.34,5037.34,5047.84,5072.34,5047.84,10,218.08,2180.8379999999956,109.04,0.05,WIN,"TRAILING SL HIT",YES,21917.42
79,2026-02-05 18:00,2026-02-05 22:00,LONG,SUPPORT BOUNCE,4790.15,4780.15,4780.15,4815.15,4780.15,10,219.17,2191.7419999999956,-2191.7,-1,LOSS,"INITIAL SL HIT",NO,19725.72
80,2026-02-09 14:00,2026-02-09 18:00,SHORT,RESISTANCE BOUNCE,5047.41,5057.41,5057.41,5022.41,5057.41,10,197.26,1972.5719999999956,-1972.6,-1,LOSS,"INITIAL SL HIT",NO,17753.12
81,2026-02-11 10:00,2026-02-11 14:00,SHORT,RESISTANCE BOUNCE,5091.43,5101.43,5090.93,5066.43,5090.93,10,177.53,1775.3119999999956,88.77,0.05,WIN,"TRAILING SL HIT",YES,17841.88
82,2026-02-12 02:00,2026-02-12 06:00,SHORT,RESISTANCE BOUNCE,5078.24,5088.24,5077.74,5053.24,5077.74,10,178.42,1784.1884999999957,89.21,0.05,WIN,"TRAILING SL HIT",YES,17931.09
83,2026-02-12 14:00,2026-02-12 18:00,LONG,SUPPORT BOUNCE,4999.45,4989.45,4989.45,5024.45,4989.45,10,179.31,1793.1094999999955,-1793.1,-1,LOSS,"INITIAL SL HIT",NO,16137.99
84,2026-02-13 18:00,2026-02-15 22:00,LONG,SUPPORT BOUNCE,5020.22,5010.22,5020.72,5045.22,5020.72,10,161.38,1613.7994999999955,80.69,0.05,WIN,"TRAILING SL HIT",YES,16218.68
85,2026-02-17 02:00,2026-02-17 06:00,LONG,SUPPORT BOUNCE,4879,4869,4879.5,4904,4904,10,162.19,1621.8684999999955,4054.75,2.5,WIN,"HARD TP HIT",YES,20273.43
86,2026-02-19 06:00,2026-02-19 10:00,SHORT,RESISTANCE BOUNCE,5010.41,5020.41,5009.91,4985.41,4985.41,10,202.73,2027.3434999999954,5068.25,2.5,WIN,"HARD TP HIT",YES,25341.68
87,2026-02-20 06:00,2026-02-20 10:00,SHORT,RESISTANCE BOUNCE,5021.89,5031.89,5021.39,4996.89,5021.39,10,253.42,2534.1684999999957,126.71,0.05,WIN,"TRAILING SL HIT",YES,25468.39
88,2026-02-20 14:00,2026-02-20 18:00,SHORT,RESISTANCE BOUNCE,5045.98,5055.98,5055.98,5020.98,5055.98,10,254.68,2546.8394999999955,-2546.8,-1,LOSS,"INITIAL SL HIT",NO,22921.59
89,2026-02-22 22:00,2026-02-23 02:00,SHORT,RESISTANCE BOUNCE,5118.85,5128.85,5128.85,5093.85,5128.85,10,229.22,2292.1594999999957,-2292.2,-1,LOSS,"INITIAL SL HIT",NO,20629.39
90,2026-02-24 14:00,2026-02-24 18:00,LONG,SUPPORT BOUNCE,5097.72,5087.72,5098.22,5122.72,5122.72,10,206.29,2062.9394999999954,5157.25,2.5,WIN,"HARD TP HIT",YES,25786.64
91,2026-02-26 14:00,2026-02-26 18:00,LONG,SUPPORT BOUNCE,5145.4,5135.4,5145.9,5170.4,5170.4,10,257.87,2578.6644999999953,6446.75,2.5,WIN,"HARD TP HIT",YES,32233.39
92,2026-02-27 10:00,2026-02-27 14:00,SHORT,RESISTANCE BOUNCE,5217.28,5227.28,5227.28,5192.28,5227.28,10,322.33,3223.3394999999955,-3223.3,-1,LOSS,"INITIAL SL HIT",NO,29010.09
93,2026-02-27 18:00,2026-03-01 22:00,SHORT,RESISTANCE BOUNCE,5249.51,5259.51,5259.51,5224.51,5259.51,10,290.1,2901.0094999999956,-2901,-1,LOSS,"INITIAL SL HIT",NO,26109.09
94,2026-03-03 06:00,2026-03-03 10:00,LONG,SUPPORT BOUNCE,5260.78,5250.78,5261.28,5285.78,5261.28,10,261.09,2610.9094999999957,130.54,0.05,WIN,"TRAILING SL HIT",YES,26239.64
95,2026-03-03 14:00,2026-03-03 18:00,LONG,SUPPORT BOUNCE,5093.73,5083.73,5094.23,5118.73,5094.23,10,262.4,2623.9639999999954,131.2,0.05,WIN,"TRAILING SL HIT",YES,26370.84
96,2026-03-04 06:00,2026-03-04 10:00,LONG,SUPPORT BOUNCE,5130.73,5120.73,5131.23,5155.73,5155.73,10,263.71,2637.0839999999953,6592.75,2.5,WIN,"HARD TP HIT",YES,32963.59
97,2026-03-05 10:00,2026-03-05 14:00,LONG,SUPPORT BOUNCE,5109.14,5099.14,5109.64,5134.14,5109.64,10,329.64,3296.3589999999954,164.82,0.05,WIN,"TRAILING SL HIT",YES,33128.41
98,2026-03-05 18:00,2026-03-05 22:00,SHORT,RESISTANCE BOUNCE,5086.18,5096.18,5085.68,5061.18,5085.68,10,331.28,3312.8409999999953,165.64,0.05,WIN,"TRAILING SL HIT",YES,33294.05
99,2026-03-08 21:00,2026-03-09 01:00,LONG,SUPPORT BOUNCE,5051.4,5041.4,5051.9,5076.4,5051.9,10,332.94,3329.404999999995,166.47,0.05,WIN,"TRAILING SL HIT",YES,33460.52
100,2026-03-10 01:00,2026-03-10 05:00,SHORT,RESISTANCE BOUNCE,5176.13,5186.13,5175.63,5151.13,5175.63,10,334.61,3346.0519999999956,167.31,0.05,WIN,"TRAILING SL HIT",YES,33627.82
101,2026-03-10 13:00,2026-03-10 17:00,SHORT,RESISTANCE BOUNCE,5200.51,5210.51,5200.01,5175.51,5200.01,10,336.28,3362.7824999999957,168.14,0.05,WIN,"TRAILING SL HIT",YES,33795.96
102,2026-03-10 21:00,2026-03-11 01:00,SHORT,RESISTANCE BOUNCE,5205.77,5215.77,5205.27,5180.77,5205.27,10,337.96,3379.5964999999956,168.98,0.05,WIN,"TRAILING SL HIT",YES,33964.94
103,2026-03-11 09:00,2026-03-11 13:00,SHORT,RESISTANCE BOUNCE,5194.72,5204.72,5194.22,5169.72,5194.22,10,339.65,3396.4944999999957,169.82,0.05,WIN,"TRAILING SL HIT",YES,34134.77
104,2026-03-12 13:00,2026-03-12 17:00,LONG,SUPPORT BOUNCE,5126.14,5116.14,5116.14,5151.14,5116.14,10,341.35,3413.4769999999953,-3413.5,-1,LOSS,"INITIAL SL HIT",NO,30721.27
105,2026-03-13 13:00,2026-03-13 17:00,LONG,SUPPORT BOUNCE,5055.63,5045.63,5045.63,5080.63,5045.63,10,307.21,3072.1269999999954,-3072.1,-1,LOSS,"INITIAL SL HIT",NO,27649.17
106,2026-03-15 21:00,2026-03-16 01:00,LONG,SUPPORT BOUNCE,4996.77,4986.77,4997.27,5021.77,4997.27,10,276.49,2764.916999999996,138.25,0.05,WIN,"TRAILING SL HIT",YES,27787.41
107,2026-03-16 13:00,2026-03-16 17:00,LONG,SUPPORT BOUNCE,5015.55,5005.55,5005.55,5040.55,5005.55,10,277.87,2778.7414999999955,-2778.7,-1,LOSS,"INITIAL SL HIT",NO,25008.71
108,2026-03-18 09:00,2026-03-18 13:00,LONG,SUPPORT BOUNCE,4963.94,4953.94,4953.94,4988.94,4953.94,10,250.09,2500.8714999999956,-2500.9,-1,LOSS,"INITIAL SL HIT",NO,22507.81
109,2026-03-20 17:00,2026-03-22 21:00,LONG,SUPPORT BOUNCE,4502.86,4492.86,4503.36,4527.86,4503.36,10,225.08,2250.781499999995,112.54,0.05,WIN,"TRAILING SL HIT",YES,22620.35
110,2026-03-24 21:00,2026-03-25 01:00,SHORT,RESISTANCE BOUNCE,4512.66,4522.66,4522.66,4487.66,4522.66,10,226.2,2262.0354999999954,-2262,-1,LOSS,"INITIAL SL HIT",NO,20358.35
111,2026-03-30 09:00,2026-03-30 13:00,SHORT,RESISTANCE BOUNCE,4555.13,4565.13,4554.63,4530.13,4554.63,10,203.58,2035.8354999999954,101.79,0.05,WIN,"TRAILING SL HIT",YES,20460.14
112,2026-03-31 01:00,2026-03-31 05:00,SHORT,RESISTANCE BOUNCE,4602.15,4612.15,4601.65,4577.15,4577.15,10,204.6,2046.0144999999955,5115,2.5,WIN,"HARD TP HIT",YES,25575.14
113,2026-03-31 09:00,2026-03-31 13:00,SHORT,RESISTANCE BOUNCE,4580.23,4590.23,4579.73,4555.23,4579.73,10,255.75,2557.5144999999957,127.88,0.05,WIN,"TRAILING SL HIT",YES,25703.02
114,2026-04-01 05:00,2026-04-01 09:00,SHORT,RESISTANCE BOUNCE,4735.68,4745.68,4735.18,4710.68,4735.18,10,257.03,2570.3019999999956,128.51,0.05,WIN,"TRAILING SL HIT",YES,25831.53
115,2026-04-07 17:00,2026-04-07 21:00,SHORT,RESISTANCE BOUNCE,4706.38,4716.38,4716.38,4681.38,4716.38,10,258.32,2583.1534999999953,-2583.2,-1,LOSS,"INITIAL SL HIT",NO,23248.33
116,2026-04-08 09:00,2026-04-08 13:00,SHORT,RESISTANCE BOUNCE,4800.3,4810.3,4799.8,4775.3,4799.8,10,232.48,2324.833499999995,116.24,0.05,WIN,"TRAILING SL HIT",YES,23364.57
117,2026-04-13 17:00,2026-04-13 21:00,LONG,SUPPORT BOUNCE,4731.24,4721.24,4731.74,4756.24,4756.24,10,233.65,2336.4574999999954,5841.25,2.5,WIN,"HARD TP HIT",YES,29205.82
118,2026-04-14 05:00,2026-04-14 09:00,SHORT,RESISTANCE BOUNCE,4794.48,4804.48,4793.98,4769.48,4769.48,10,292.06,2920.5824999999954,7301.5,2.5,WIN,"HARD TP HIT",YES,36507.32
119,2026-04-14 13:00,2026-04-14 17:00,SHORT,RESISTANCE BOUNCE,4800.89,4810.89,4810.89,4775.89,4810.89,10,365.07,3650.7324999999955,-3650.7,-1,LOSS,"INITIAL SL HIT",NO,32856.62
120,2026-04-15 01:00,2026-04-15 05:00,SHORT,RESISTANCE BOUNCE,4857.72,4867.72,4857.22,4832.72,4832.72,10,328.57,3285.662499999996,8214.25,2.5,WIN,"HARD TP HIT",YES,41070.87
121,2026-04-16 13:00,2026-04-16 17:00,LONG,SUPPORT BOUNCE,4786.58,4776.58,4787.08,4811.58,4787.08,10,410.71,4107.087499999996,205.35,0.05,WIN,"TRAILING SL HIT",YES,41276.23
122,2026-04-17 09:00,2026-04-17 13:00,SHORT,RESISTANCE BOUNCE,4838.06,4848.06,4848.06,4813.06,4848.06,10,412.76,4127.622999999996,-4127.6,-1,LOSS,"INITIAL SL HIT",NO,37148.63
123,2026-04-19 21:00,2026-04-20 01:00,LONG,SUPPORT BOUNCE,4768.35,4758.35,4768.85,4793.35,4793.35,10,371.49,3714.862999999996,9287.25,2.5,WIN,"HARD TP HIT",YES,46435.88
124,2026-04-21 13:00,2026-04-21 17:00,LONG,SUPPORT BOUNCE,4737.33,4727.33,4727.33,4762.33,4727.33,10,464.36,4643.587999999996,-4643.6,-1,LOSS,"INITIAL SL HIT",NO,41792.28
125,2026-04-22 21:00,2026-04-23 01:00,LONG,SUPPORT BOUNCE,4699.23,4689.23,4699.73,4724.23,4699.73,10,417.92,4179.227999999996,208.96,0.05,WIN,"TRAILING SL HIT",YES,42001.24
126,2026-04-23 17:00,2026-04-23 21:00,LONG,SUPPORT BOUNCE,4669.12,4659.12,4669.62,4694.12,4694.12,10,420.01,4200.123999999996,10500.25,2.5,WIN,"HARD TP HIT",YES,52501.49
127,2026-04-27 13:00,2026-04-27 17:00,LONG,SUPPORT BOUNCE,4672.9,4662.9,4673.4,4697.9,4673.4,10,525.01,5250.148999999997,262.5,0.05,WIN,"TRAILING SL HIT",YES,52763.99
128,2026-04-28 05:00,2026-04-28 09:00,LONG,SUPPORT BOUNCE,4644.97,4634.97,4634.97,4669.97,4634.97,10,527.64,5276.399499999996,-5276.4,-1,LOSS,"INITIAL SL HIT",NO,47487.59
129,2026-04-29 09:00,2026-04-29 13:00,LONG,SUPPORT BOUNCE,4554.35,4544.35,4554.85,4579.35,4554.85,10,474.88,4748.759499999996,237.44,0.05,WIN,"TRAILING SL HIT",YES,47725.03
130,2026-04-30 01:00,2026-04-30 05:00,LONG,SUPPORT BOUNCE,4555.64,4545.64,4556.14,4580.64,4556.14,10,477.25,4772.503499999996,238.63,0.05,WIN,"TRAILING SL HIT",YES,47963.66
131,2026-04-30 13:00,2026-04-30 17:00,LONG,SUPPORT BOUNCE,4608.13,4598.13,4608.63,4633.13,4608.63,10,479.64,4796.365999999996,239.82,0.05,WIN,"TRAILING SL HIT",YES,48203.48
132,2026-05-01 13:00,2026-05-01 17:00,SHORT,RESISTANCE BOUNCE,4646.55,4656.55,4646.05,4621.55,4621.55,10,482.03,4820.347999999996,12050.75,2.5,WIN,"HARD TP HIT",YES,60254.23
133,2026-05-04 09:00,2026-05-04 13:00,LONG,SUPPORT BOUNCE,4560.82,4550.82,4561.32,4585.82,4561.32,10,602.54,6025.422999999996,301.27,0.05,WIN,"TRAILING SL HIT",YES,60555.5
134,2026-05-04 17:00,2026-05-05 01:00,LONG,SUPPORT BOUNCE,4510.6,4500.6,4511.1,4535.6,4535.6,10,605.55,6055.549999999996,15138.75,2.5,WIN,"HARD TP HIT",YES,75694.25
135,2026-05-06 05:00,2026-05-06 09:00,SHORT,RESISTANCE BOUNCE,4660.09,4670.09,4670.09,4635.09,4670.09,10,756.94,7569.424999999996,-7569.4,-1,LOSS,"INITIAL SL HIT",NO,68124.85
136,2026-05-07 05:00,2026-05-07 09:00,SHORT,RESISTANCE BOUNCE,4740.07,4750.07,4739.57,4715.07,4739.57,10,681.25,6812.484999999997,340.63,0.05,WIN,"TRAILING SL HIT",YES,68465.47
137,2026-05-08 01:00,2026-05-08 05:00,SHORT,RESISTANCE BOUNCE,4722.64,4732.64,4722.14,4697.64,4722.14,10,684.65,6846.547499999997,342.32,0.05,WIN,"TRAILING SL HIT",YES,68807.8
138,2026-05-10 21:00,2026-05-11 01:00,LONG,SUPPORT BOUNCE,4682.55,4672.55,4683.05,4707.55,4683.05,10,688.08,6880.779999999996,344.04,0.05,WIN,"TRAILING SL HIT",YES,69151.84
139,2026-05-11 05:00,2026-05-11 09:00,LONG,SUPPORT BOUNCE,4658.53,4648.53,4659.03,4683.53,4659.03,10,691.52,6915.183999999996,345.76,0.05,WIN,"TRAILING SL HIT",YES,69497.6
140,2026-05-11 13:00,2026-05-11 17:00,SHORT,RESISTANCE BOUNCE,4749.08,4759.08,4748.58,4724.08,4724.08,10,694.98,6949.759999999995,17374.5,2.5,WIN,"HARD TP HIT",YES,86872.1
141,2026-05-11 21:00,2026-05-12 01:00,SHORT,RESISTANCE BOUNCE,4771.89,4781.89,4771.39,4746.89,4746.89,10,868.72,8687.209999999995,21718,2.5,WIN,"HARD TP HIT",YES,108590.1
142,2026-05-12 13:00,2026-05-12 17:00,LONG,SUPPORT BOUNCE,4648.59,4638.59,4649.09,4673.59,4673.59,10,1085.9,10859.009999999995,27147.5,2.5,WIN,"HARD TP HIT",YES,135737.6
143,2026-05-14 21:00,2026-05-15 01:00,LONG,SUPPORT BOUNCE,4638.86,4628.86,4628.86,4663.86,4628.86,10,1357.38,13573.759999999995,-13573.8,-1,LOSS,"INITIAL SL HIT",NO,122163.8
144,2026-05-17 21:00,2026-05-18 01:00,LONG,SUPPORT BOUNCE,4501.53,4491.53,4502.03,4526.53,4502.03,10,1221.64,12216.379999999996,610.82,0.05,WIN,"TRAILING SL HIT",YES,122774.62
145,2026-05-19 13:00,2026-05-19 17:00,LONG,SUPPORT BOUNCE,4480.91,4470.91,4481.41,4505.91,4481.41,10,1227.75,12277.461999999996,613.88,0.05,WIN,"TRAILING SL HIT",YES,123388.49
146,2026-05-24 21:00,2026-05-25 01:00,SHORT,RESISTANCE BOUNCE,4570.4,4580.4,4569.9,4545.4,4569.9,10,1233.88,12338.849499999997,616.94,0.05,WIN,"TRAILING SL HIT",YES,124005.43
147,2026-05-25 09:00,2026-05-25 13:00,SHORT,RESISTANCE BOUNCE,4558.86,4568.86,4568.86,4533.86,4568.86,10,1240.05,12400.543499999996,-12400.5,-1,LOSS,"INITIAL SL HIT",NO,111604.93
148,2026-05-25 21:00,2026-05-26 01:00,SHORT,RESISTANCE BOUNCE,4579.71,4589.71,4579.21,4554.71,4554.71,10,1116.05,11160.493499999997,27901.25,2.5,WIN,"HARD TP HIT",YES,139506.18
149,2026-05-26 17:00,2026-05-26 21:00,LONG,SUPPORT BOUNCE,4489.13,4479.13,4489.63,4514.13,4514.13,10,1395.06,13950.618499999995,34876.5,2.5,WIN,"HARD TP HIT",YES,174382.68
150,2026-05-27 05:00,2026-05-27 09:00,LONG,SUPPORT BOUNCE,4492.43,4482.43,4482.43,4517.43,4482.43,10,1743.83,17438.268499999995,-17438.3,-1,LOSS,"INITIAL SL HIT",NO,156944.38
151,2026-05-27 21:00,2026-05-28 01:00,LONG,SUPPORT BOUNCE,4453.89,4443.89,4443.89,4478.89,4443.89,10,1569.44,15694.438499999997,-15694.4,-1,LOSS,"INITIAL SL HIT",NO,141249.98
152,2026-05-29 13:00,2026-05-29 17:00,SHORT,RESISTANCE BOUNCE,4589.08,4599.08,4588.58,4564.08,4564.08,10,1412.5,14124.998499999996,35312.5,2.5,WIN,"HARD TP HIT",YES,176562.48
153,2026-06-03 05:00,2026-06-03 09:00,LONG,SUPPORT BOUNCE,4448.36,4438.36,4448.86,4473.36,4448.86,10,1765.62,17656.248499999998,882.81,0.05,WIN,"TRAILING SL HIT",YES,177445.29
154,2026-06-05 09:00,2026-06-05 13:00,LONG,SUPPORT BOUNCE,4424.47,4414.47,4414.47,4449.47,4414.47,10,1774.45,17744.529499999997,-17744.5,-1,LOSS,"INITIAL SL HIT",NO,159700.79
155,2026-06-09 05:00,2026-06-09 13:00,SHORT,RESISTANCE BOUNCE,4346.38,4356.38,4345.88,4321.38,4345.88,10,1597.01,15970.079499999996,798.5,0.05,WIN,"TRAILING SL HIT",YES,160499.3
156,2026-06-15 13:00,2026-06-15 17:00,SHORT,RESISTANCE BOUNCE,4363.22,4373.22,4362.72,4338.22,4338.22,10,1604.99,16049.929999999997,40124.75,2.5,WIN,"HARD TP HIT",YES,200624.05
157,2026-06-17 13:00,2026-06-17 17:00,SHORT,RESISTANCE BOUNCE,4354.45,4364.45,4353.95,4329.45,4353.95,10,2006.24,20062.405,1003.12,0.05,WIN,"TRAILING SL HIT",YES,201627.17
158,2026-06-18 01:00,2026-06-18 05:00,LONG,SUPPORT BOUNCE,4306.61,4296.61,4307.11,4331.61,4307.11,10,2016.27,20162.716999999997,1008.13,0.05,WIN,"TRAILING SL HIT",YES,202635.3
159,2026-06-18 13:00,2026-06-18 17:00,LONG,SUPPORT BOUNCE,4219.66,4209.66,4220.16,4244.66,4220.16,10,2026.35,20263.530499999997,1013.17,0.05,WIN,"TRAILING SL HIT",YES,203648.48
160,2026-06-23 01:00,2026-06-23 05:00,LONG,SUPPORT BOUNCE,4122.45,4112.45,4122.95,4147.45,4122.95,10,2036.48,20364.847999999998,1018.24,0.05,WIN,"TRAILING SL HIT",YES,204666.72
161,2026-06-23 21:00,2026-06-24 01:00,LONG,SUPPORT BOUNCE,4091.53,4081.53,4092.03,4116.530000000001,4092.03,10,2046.67,20466.671999999995,1023.34,0.05,WIN,"TRAILING SL HIT",YES,205690.05
162,2026-06-24 09:00,2026-06-24 13:00,LONG,SUPPORT BOUNCE,4024.37,4014.37,4024.87,4049.37,4024.87,10,2056.9,20569.005499999996,1028.45,0.05,WIN,"TRAILING SL HIT",YES,206718.5
163,2026-06-26 09:00,2026-06-26 13:00,SHORT,RESISTANCE BOUNCE,4043.64,4053.64,4053.64,4018.64,4053.64,10,2067.19,20671.850499999997,-20671.9,-1,LOSS,"INITIAL SL HIT",NO,186046.6
164,2026-06-29 21:00,2026-06-30 01:00,LONG,SUPPORT BOUNCE,3983.45,3973.45,3983.95,4008.45,3983.95,10,1860.47,18604.660499999994,930.24,0.05,WIN,"TRAILING SL HIT",YES,186976.84
165,2026-07-01 05:00,2026-07-01 09:00,LONG,SUPPORT BOUNCE,3959.58,3949.58,3960.08,3984.58,3984.58,10,1869.77,18697.683999999994,46744.25,2.5,WIN,"HARD TP HIT",YES,233721.09
166,2026-07-01 13:00,2026-07-01 17:00,SHORT,RESISTANCE BOUNCE,4095.49,4105.49,4094.99,4070.49,4070.49,10,2337.21,23372.108999999997,58430.25,2.5,WIN,"HARD TP HIT",YES,292151.34
167,2026-07-02 01:00,2026-07-02 05:00,SHORT,RESISTANCE BOUNCE,4062.98,4072.98,4072.98,4037.98,4072.98,10,2921.51,29215.134,-29215.1,-1,LOSS,"INITIAL SL HIT",NO,262936.24
168,2026-07-02 09:00,2026-07-02 13:00,SHORT,RESISTANCE BOUNCE,4115.31,4125.31,4114.81,4090.3100000000004,4114.81,10,2629.36,26293.624,1314.68,0.05,WIN,"TRAILING SL HIT",YES,264250.92
169,2026-07-05 21:00,2026-07-06 01:00,SHORT,RESISTANCE BOUNCE,4195.01,4205.01,4194.51,4170.01,4194.51,10,2642.51,26425.092,1321.26,0.05,WIN,"TRAILING SL HIT",YES,265572.17
170,2026-07-13 13:00,2026-07-13 17:00,LONG,SUPPORT BOUNCE,4022.32,4012.32,4012.32,4047.32,4012.32,10,2655.72,26557.2175,-26557.2,-1,LOSS,"INITIAL SL HIT",NO,239014.97
171,2026-07-16 09:00,2026-07-16 13:00,LONG,SUPPORT BOUNCE,4017.97,4007.97,4007.97,4042.97,4007.97,10,2390.15,23901.497499999998,-23901.5,-1,LOSS,"INITIAL SL HIT",NO,215113.47
172,2026-07-16 17:00,2026-07-16 21:00,LONG,SUPPORT BOUNCE,3984.05,3974.05,3974.05,4009.05,3974.05,10,2151.13,21511.3475,-21511.3,-1,LOSS,"INITIAL SL HIT",NO,193602.17
173,2026-07-17 09:00,2026-07-17 13:00,LONG,SUPPORT BOUNCE,3969.84,3959.84,3970.34,3994.84,3970.34,10,1936.02,19360.2175,968.01,0.05,WIN,"TRAILING SL HIT",YES,194570.18
174,2026-07-21 01:00,2026-07-21 05:00,SHORT,RESISTANCE BOUNCE,4040.32,4050.32,4050.32,4015.32,4050.32,10,1945.7,19457.018500000002,-19457,-1,LOSS,"INITIAL SL HIT",NO,175113.18
175,2026-07-21 13:00,2026-07-21 17:00,SHORT,RESISTANCE BOUNCE,4081.02,4091.02,4080.52,4056.02,4080.52,10,1751.13,17511.3185,875.57,0.05,WIN,"TRAILING SL HIT",YES,175988.75
176,2026-07-21 21:00,2026-07-22 01:00,SHORT,RESISTANCE BOUNCE,4103.55,4113.55,4113.55,4078.55,4113.55,10,1759.89,17598.875,-17598.9,-1,LOSS,"INITIAL SL HIT",NO,158389.85
177,2026-07-22 09:00,2026-07-22 13:00,SHORT,RESISTANCE BOUNCE,4120.88,4130.88,4130.88,4095.88,4130.88,10,1583.9,15838.985,-15839,-1,LOSS,"INITIAL SL HIT",NO,142550.85
178,2026-07-23 01:00,2026-07-23 05:00,SHORT,RESISTANCE BOUNCE,4137.56,4147.56,4137.06,4112.56,4112.56,10,1425.51,14255.085000000001,35637.75,2.5,WIN,"HARD TP HIT",YES,178188.6
179,2026-07-28 09:00,2026-07-28 13:00,LONG,SUPPORT BOUNCE,4022.56,4012.56,4023.06,4047.56,4023.06,10,1781.89,17818.86,890.95,0.05,WIN,"TRAILING SL HIT",YES,179079.55
180,2026-07-29 17:00,2026-07-29 21:00,SHORT,RESISTANCE BOUNCE,4115.69,4125.69,4115.19,4090.6899999999996,4090.6899999999996,10,1790.8,17907.954500000003,44770,2.5,WIN,"HARD TP HIT",YES,223849.55
181,2026-07-30 13:00,2026-07-30 17:00,SHORT,RESISTANCE BOUNCE,4115.91,4125.91,4115.41,4090.91,4115.41,10,2238.5,22384.954500000003,1119.25,0.05,WIN,"TRAILING SL HIT",YES,224968.8
182,2026-08-03 13:00,2026-08-03 17:00,LONG,SUPPORT BOUNCE,4021.47,4011.47,4021.97,4046.47,4046.47,10,2249.69,22496.879500000003,56242.25,2.5,WIN,"HARD TP HIT",YES,281211.05
183,2026-08-04 09:00,2026-08-04 13:00,SHORT,RESISTANCE BOUNCE,4078.68,4088.68,4078.18,4053.68,4078.18,10,2812.11,28121.104500000005,1406.06,0.05,WIN,"TRAILING SL HIT",YES,282617.1
184,2026-08-05 01:00,2026-08-05 05:00,SHORT,RESISTANCE BOUNCE,4119.99,4129.99,4129.99,4094.99,4129.99,10,2826.17,28261.710000000006,-28261.7,-1,LOSS,"INITIAL SL HIT",NO,254355.4
185,2026-08-05 09:00,2026-08-05 13:00,SHORT,RESISTANCE BOUNCE,4165.63,4175.63,4175.63,4140.63,4175.63,10,2543.55,25435.540000000005,-25435.5,-1,LOSS,"INITIAL SL HIT",NO,228919.9
186,2026-08-07 05:00,2026-08-07 09:00,SHORT,RESISTANCE BOUNCE,4303.81,4313.81,4313.81,4278.81,4313.81,10,2289.2,22891.990000000005,-22892,-1,LOSS,"INITIAL SL HIT",NO,206027.9
187,2026-08-10 17:00,2026-08-10 21:00,SHORT,RESISTANCE BOUNCE,4371.34,4381.34,4381.34,4346.34,4381.34,10,2060.28,20602.790000000005,-20602.8,-1,LOSS,"INITIAL SL HIT",NO,185425.1
188,2026-08-12 09:00,2026-08-12 13:00,SHORT,RESISTANCE BOUNCE,4434.74,4444.74,4434.24,4409.74,4434.24,10,1854.25,18542.510000000006,927.13,0.05,WIN,"TRAILING SL HIT",YES,186352.23
189,2026-08-14 01:00,2026-08-14 05:00,LONG,SUPPORT BOUNCE,4313.93,4303.93,4314.43,4338.93,4314.43,10,1863.52,18635.222500000003,931.76,0.05,WIN,"TRAILING SL HIT",YES,187283.99